avances_id,accion_id,descripcion,fecha_corte,estado,porcentaje,tipo_calificacion
1,1,Ejecutada antes de suscribirse el Plan de Mejoramiento.,30/03/16,en_progreso,,Terminada
2,2,"De las gestiones adelantadas por el IDU en relación con el recibo de las obras por parte de las ESP's, a la fecha se han obtenido los siguientes resultados: - EAAB los planos record se encuentran en revisión por parte de la EAB, el contratista se encuentra finalizando la entrega de 3 sumideros, - UNE-EPM se suscribió acta de recibo de obra - CODENSA se suscribió acta de recibo de obra. ETB se realizó reunión el 6 de noviembre de 2013, en la cual se comprometió el contratista a construir la cámara pendiente para posteriorimente CODENSA pueda hacer la intervención a su cargo. TELEFÓNICA suscribió las actas de recibo final. De la acción 2 que no se ha cerrado para la vigencia 2014, la DTC reporta avances con el memorando 20143350418553 y 20143350657943. Con memorando 20153350345833 de Noviembre 11, reporta el avance de las acciones pendientes con EAB y ETB. Con memorando 20153350905033 del 30 de diciembre de 2015, la DTC, reporta los avances correspondientes al último mes. con memorando 20163460044743 de marzo 4 de 2016, la DTC anuncia el avance con la EAB que ya entregó las actas firmadas para los proyectos 123 y 124, y anuncia que sigue el trámite con la ETB.",30/03/16,en_progreso,,Terminada
3,3,Ejecutada antes de suscribirse el Plan de Mejoramiento.,30/03/16,en_progreso,,Terminada
4,4,Dentro del memorando 20133750138103 se menciona que fue recibico concepto técnico por parte de la Universidad Nacional donde se colige que los daños ocasionados se derivan de la etapa de ejecución contractual,30/03/16,en_progreso,,Terminada
5,5,"Mediante memorando 20133750183923 del 21 de agosto de 2013, se remitió la infromación a la Oficina de Control Disciplinario para iniciar las investigaciones pertinentes.Se dió trámite a investigación disciplinaria en la Personería Distrital con radicado 2013ER59488 de 27/sep/2013, quien es autoridad para determinar responsables. La DTGJ mediante memorando 20144250538543 del 21 de agosto de 2014, expresa que la acción contractual para obtener la liquidación judicial del contrato caducó el 8 de septiembre de 2010 y que la Universidad Nacional emitió concepto relacionado con definir las causas que ocasionaron los daños solo hasta el 12 de junio de 2013, esto es casi tres años después de haber caducado las acciones contractuales en contra del contratista, de lo que ratifican que la accióin contractual por incumplimiento se encontraba caducada para el momento en que la Universidad Nacional emite su concepto definitivo endilgando responsabilidad al contratista y que el área técnica remitió el asunto a la Oficina de Control Disciplinario para que se investiguen posibles omisiones en las actuaciones.",30/03/16,en_progreso,,Terminada
6,6," Con memorando 20143250584013 del 19 de Septiembre de 2014, la DTDP informa que con escritura 2499 de septiembre 8 de 2014, se adelantó la resciliación de la escritura 3714 de septiembre 9 de 2008 y adicionalmente se recibió la suma de $472.040.738, correspondiente al valor pactado por el predio, como consta en el comprobante de consignación en línea 2102 del 16 de septiembre de 2014, recibida en el Banco de Occidente en la oficina existente en la tesorería del Instituto.",30/03/16,en_progreso,,Terminada
7,7,"Se libraron oficios CU-2-055-646-12, entre otros, para  establecer los parámetros de colaboración en los procesos de restitución del espacio público, proveniente de las áreas de cesión de los urbanizadores y oficios citando a los alcaldes locales para una reunión de coordinación en relación con la restitución de las zonas de cesión.",30/03/16,en_progreso,,Terminada
8,8," Se adelantaron reuniones de seguimiento por parte de la Interventoría del Consorcio Urbanizadores y Representantes del proyecto Camino de Arrayanes, Parque Industrial San Pablo, suba Park, Bosques de Soratama, entre otras.",30/03/16,en_progreso,,Terminada
9,9,"Se libraron oficios citando a los alcaldes locales para una reunión de coordinación en relación con la restitución de las zonas de cesión, producto de los proyectos urbanísticos.",30/03/16,en_progreso,,Terminada
10,10,"Se libraron oficios por parte del Consorcio Urbanizadores como interventor  informando a las alcaldías locales  la ubicación de las vías objeto de cesión.Adicionalmente, la interventoría incluyó dentro del Informe Mensual un capítulo especial ""Proyectos de seguimiento de la Contraloría"".",30/03/16,en_progreso,,Terminada
11,11,"Se remitieron oficios con destino a las Alcaldías Locales,donde se adelanta seguimiento por parte de la interventoría a los proyectos  ejecutados por urbanizadores y/o terceros, donde se indica el nombre del proyecto, número de radicado, fecha y destinatario de los comunicados enviados.",30/03/16,en_progreso,,Terminada
12,12,"Atendiendo la observación de la CB, el Instituto modificó la acción, dejándola en los siguientes términos: ""Hacer seguimiento y control al cumplimiento de los plazos establecidos en los términos contractuales, implementando alarmas como punto de control en la ejecución."" La DTD mediante memorando 20153150375983, del 2 de diciembre de 2015, presenta como avance: ""Dentro de los puntos de control está contemplado; una vez se firme el contrato, verificar que el cumplimiento de los plazos establecidos en la minuta del mismo (de acuerdo a los Pliegos de Condiciones), se aplique para la firma del acta de inicio. De otro lado, en la caractyerización de los  indicadores de gestión y recolección de información, a través del Formato FO-PE-01 como tipo de indicador de eficiencia. Las alarmas se implementan con la aplicación de los procesos sancionatorios impartidos por el IDU, cuando el Contratista(Consultor o Interventor), incumple con este requisito."" En el memorando se presenta una muestra para verificar el cumplimiento.",30/03/16,en_progreso,,Terminada
13,13,"Atendiendo la observación de la CB, el Instituto modificó la acción, dejándola en los siguientes términos: ""Verificar la vigencia de los diseños y el cumplimiento de los requisitos de las ESP por medio de revisiones a los estudios y diseños disponibles al elaborar los PDC, consultas a las ESP y vistas conjuntas al sitio con los delegados de las ESP"". La DTD mediante memorando 201513150375983, del 2 de diciembre de 2015, presenta como avance: ""Mediante oficios de respuesta de las diferentes ESP, fueron atendidas las solicitudes por parte del IDU en los temas relacionados con revisar y validar los diseños de las redes secas e hidráulicas... De otro lado se contrata la etapa de Revisión y Ajustes a estudios y diseños y su construcción, mediante los contratos que se relacionan en las páginas 2 y 3.""",30/03/16,en_progreso,,Terminada
14,14,"Atendiendo la observación de la CB, el Instituto modificó la acción, dejándola en los siguientes términos: ""Verificar la vigencia de los diseños y el cumplimiento de los requisitos de las ESP por medio de revisiones a los estudios y diseños disponibles al elaborar los PDC, consultas a las ESP y vistas conjuntas al sitio con los delegados de las ESP"". La DTD mediante memorando 201513150375983, del 2 de diciembre de 2015, presenta como avance: ""Mediante oficios de respuesta de las diferentes ESP, fueron atendidas las solicitudes por parte del IDU en los temas relacionados con revisar y validar los diseños de las redes secas e hidráulicas... De otro lado se contrata la etapa de Revisión y Ajustes a estudios y diseños y su construcción, mediante los contratos que se relacionan en las páginas 2 y 3.""",30/03/16,en_progreso,,Terminada
15,15,"Atendiendo la observación de la CB, el Instituto modificó la acción, dejándola en los siguientes términos: ""Hacer seguimiento y control al cumplimiento de los plazos establecidos en los términos contractuales, implementando alarmas como punto de control en la ejecución."" La DTD mediante memorando 20153150375983, del 2 de diciembre de 2015, presenta como avance: ""Dentro de los puntos de control está contemplado; una vez se firme el contrato, verificar que el cumplimiento de los plazos establecidos en la minuta del mismo (de acuerdo a los Pliegos de Condiciones), se aplique para la firma del acta de inicio. De otro lado, en la caractyerización de los  indicadores de gestión y recolección de información, a través del Formato FO-PE-01 como tipo de indicador de eficiencia. Las alarmas se implementan con la aplicación de los procesos sancionatorios impartidos por el IDU, cuando el Contratista(Consultor o Interventor), incumple con este requisito."" En el memorando se presenta una muestra para verificar el cumplimiento.",30/03/16,en_progreso,,Terminada
16,16,"Atendiendo la observación de la CB, el Instituto modificó la acción, dejándola en los siguientes términos: ""Verificar los productos de diseño disponibles al elaborar los Pliegos de Condiciones, para establecer el alcance de cada uno de los productos que se van a contratar, empleando el formato FO-DP-200 (Lista de chequeo y recibo de los productos de la etapa de estudios y diseños)"". La DTD mediante memorando 20153150375983, del 2 de diciembre de 2015, presenta como avances: que se realizó el seguimiento mediante el empleo del formato FO-DP-200, presentando como evidencia los contratos IDU-1406-2013, IDU-1841-2013, IDU-2226-2013, IDU-1878-2014, IDU-1879-2014 y IDU-1898-2014.",30/03/16,en_progreso,,Terminada
17,17,"Con memorando 20142150079523 del 1 de abril de 2014, la DTE informa que mediante resolución 3243 del 18 de diciembre de 2013, se actualizó el Manual MG-IC-010 a la versión 3.0. En lo correspondiente al Capítulo I Sección 101-13 Términos y definiciones.",30/03/16,en_progreso,,Terminada
18,18,"Atendiendo la observación de la CB, el Instituto modificó la acción, dejándola en los siguientes términos: ""Verificar la vigencia de los diseños y el cumplimiento de los requisitos de las ESP por medio de revisiones a los estudios y diseños disponibles al elaborar los PDC, consultas a las ESP y vistas conjuntas al sitio con los delegados de las ESP"". La DTD mediante memorando 201513150375983, del 2 de diciembre de 2015, presenta como avance: ""Mediante oficios de respuesta de las diferentes ESP, fueron atendidas las solicitudes por parte del IDU en los temas relacionados con revisar y validar los diseños de las redes secas e hidráulicas... De otro lado se contrata la etapa de Revisión y Ajustes a estudios y diseños y su construcción, mediante los contratos que se relacionan en las páginas 2 y 3.""",30/03/16,en_progreso,,Terminada
19,19,"Atendiendo la observación de la CB, el Instituto modificó la acción, dejándola en los siguientes términos: ""Verificar la vigencia de los diseños y el cumplimiento de los requisitos de las ESP por medio de revisiones a los estudios y diseños disponibles al elaborar los PDC, consultas a las ESP y vistas conjuntas al sitio con los delegados de las ESP"". La DTD mediante memorando 201513150375983, del 2 de diciembre de 2015, presenta como avance: ""Se contrató la etapa de Revisión y Ajustes a estudios y diseños y su construcción, como se muestra en los siguientes contratos: IDU-1809-2014... 1843-2014... 1259-2014... 1320-2014... 1746-2014... 1654-2014.""",30/03/16,en_progreso,,Terminada
20,20,"Atendiendo la observación de la CB. Se modifica la acción a desarrollar, de manera que se establece como compromiso ""subsanar las alertas señaladas"", con memorando 20153150319593 del 20 de octubre de 2015, la DTD presenta el cumplimiento frente a: Estación de bombeo, redes sanitarias, PMT, Resolución de uso, ocupación e intervención de infraestructura férrea, pantallas metálicas.",30/03/16,en_progreso,,Terminada
21,21,Documento de diciembre de 2013. Hay actualizaciones varias durante 2014,30/03/16,en_progreso,,Terminada
22,22,"Con memorando 20143350597433 del 25 de septiembre de 2014, la DTC reporta el avance del proceso. En el corte de febrero 28 de 2015, no reportaron avances.",30/03/16,en_progreso,,Terminada
23,23,"Atendiendo la observación de la CB, el Instituto modificó la acción, dejándola en los siguientes términos: ""Hacer seguimiento y control al cumplimiento de los plazos establecidos en los términos contractuales, implementando alarmas como punto de control en la ejecución."" La DTD mediante memorando 20153150375983, del 2 de diciembre de 2015, presenta como avance: ""Dentro de los puntos de control está contemplado; una vez se firme el contrato, verificar que el cumplimiento de los plazos establecidos en la minuta del mismo (de acuerdo a los Pliegos de Condiciones), se aplique para la firma del acta de inicio. De otro lado, en la caractyerización de los  indicadores de gestión y recolección de información, a través del Formato FO-PE-01 como tipo de indicador de eficiencia. Las alarmas se implementan con la aplicación de los procesos sancionatorios impartidos por el IDU, cuando el Contratista(Consultor o Interventor), incumple con este requisito."" En el memorando se presenta una muestra para verificar el cumplimiento.",30/03/16,en_progreso,,Terminada
24,24,"Atendiendo las observaciones de la CB, el Instituto modificó la acción planteando la siguiente: ""Hacer seguimiento y control al cumplimiento de las obligaciones contractuales más relevantes, estableciendo hitos en el cronograma como puntos de control en la ejecución.""  Frente a la cual, con memorando 20153150891643 del 23 de diciembre de 2015, presenta el cumplimiento expresando que desde el 30 de enero de 2015, el Instituto cuenta con la ""Guía para seguimiento de los proyectps de Infraestructuira Vial y Espacio Público"" versión 1 GU-SP-02, documento que se referencia en el apéndice G, de los pliegos de condiciones, como obligación contractual.",30/03/16,en_progreso,,Terminada
25,25,"Con memorando 20142250641093 del 12 de Noviembre de 2014, la DTP solicitó ampliación del plazo de ejecución de la acción hasta el 30 de enero de 2015. Con memorando 20152250050123 del 6 de febrero de 2015, la DTP reporta que la acción correctiva se cumplió con la actualización y la creación de los formatos FO-FO-02 y FO-FP-01 respectivamente, así como con la creación de la Guía GU-FP-01.",30/03/16,en_progreso,,Terminada
26,26,Con memorando 20144350027223 la DTGC informa que se modificó la minuta de los contratos de prestación de servicios contratados con ocasión de la vigencia del Acuerdo 523 de 2013.,30/03/16,en_progreso,,Terminada
27,27,"Con memorando 20145650420113 del 2 de julio de 2014, la DTAV informa que no se han realizado contratos diferentes a OPS que requieran el cumplimiento de esta acción. ratifican la información del estado con memorando 20145650420113 del 2 de julio de 2014. Con memorando 201445650633723 del 5 de noviembre de 2014,la DTAV soporta el cumplimiento de la acción en el numeral 2.4 Plazo de los Estudios y Documentos Previos para iniciar el proceso de selección abreviada de menor cuantía para la contratación del ""servicio de implementación del diseño, suministro, impresión, alistamiento, empaque y distribución por mensajería especializada y/o expresa de documentos de valorización para la notificación y comunicación de los actos y/o decisiones e instructivos en las fases de asignación, reclamación, cobro y devoluciones, ordenadas por el acuerdo 523 de 2013.""",30/03/16,en_progreso,,Terminada
28,28,1. Con memorando 20144350027223 la DTGC informa que se modificó la minuta de los contratos de prestación de servicios contratados con ocasión de la vigencia del Acuerdo 523 de 2013,30/03/16,en_progreso,,Terminada
29,29,"Con memorando 20143150373253, la DTD informa que el Instituto incluyó en el proyecto de acuerdo de endeudamiento el proyecto sobre el cual ya se habían adelantado los Estudios y Diseños, el cual fué aprobado por el Concejo Distrital como Acuerdo 527 de 2013 por lo que los estudios y diseños observados se emplearán como insumo y no se deberán volver a contratar.",30/03/16,en_progreso,,Terminada
30,30,"Atendiendo la observación de la CB, el Instituto modificó la acción, dejándola en los siguientes términos: ""Hacer seguimiento y control al cumplimiento de los plazos establecidos en los términos contractuales, implementando alarmas como punto de control en la ejecución."" La DTD mediante memorando 20153150375983, del 2 de diciembre de 2015, presenta como avance: ""Dentro de los puntos de control está contemplado; una vez se firme el contrato, verificar que el cumplimiento de los plazos establecidos en la minuta del mismo (de acuerdo a los Pliegos de Condiciones), se aplique para la firma del acta de inicio. De otro lado, en la caractyerización de los  indicadores de gestión y recolección de información, a través del Formato FO-PE-01 como tipo de indicador de eficiencia. Las alarmas se implementan con la aplicación de los procesos sancionatorios impartidos por el IDU, cuando el Contratista(Consultor o Interventor), incumple con este requisito."" En el memorando se presenta una muestra para verificar el cumplimiento.",30/03/16,en_progreso,,Terminada
31,31,"Atendiendo la observación de la CB, el Instituto modificó la acción, dejándola en los siguientes términos: ""Hacer seguimiento y control al cumplimiento de los plazos establecidos en los términos contractuales, implementando alarmas como punto de control en la ejecución."" La DTD mediante memorando 20153150375983, del 2 de diciembre de 2015, presenta como avance: ""Dentro de los puntos de control está contemplado; una vez se firme el contrato, verificar que el cumplimiento de los plazos establecidos en la minuta del mismo (de acuerdo a los Pliegos de Condiciones), se aplique para la firma del acta de inicio. De otro lado, en la caractyerización de los  indicadores de gestión y recolección de información, a través del Formato FO-PE-01 como tipo de indicador de eficiencia. Las alarmas se implementan con la aplicación de los procesos sancionatorios impartidos por el IDU, cuando el Contratista(Consultor o Interventor), incumple con este requisito."" En el memorando se presenta una muestra para verificar el cumplimiento.",30/03/16,en_progreso,,Terminada
32,32,"Con memorando 20144350027223, la DTGC informa que se modificó el modelo de minuta se modificó la claúsula 5. ANTICIPO. ""El IDU girará el valor del anticipo a la cuenta bancaria exclusiva de la fiducia que se contrate luego de haberse suscrito el acta de inicio y dentro de los cuarenta y cinco (45) días hábiles siguientes a la radicación de factura cobro correctamente elaboradoa. El giro de este valor no constituye condición previa para la iniciación de la obra.""",30/03/16,en_progreso,,Terminada
33,33,"Con memorando 20143560032343 del 11 de febrero de 2014, la DTM solicitó modificar la meta y ampliar el plazo de la acción, el cual se concedió y se comunicó oportunamente a la Contraloría de Bogotá D.C., la DTGC con memornado 20144350051543 del 7 de marzo de 2014, informa los avances: reunión el 10 de febrero con la DTM para dar cumplimiento al memorando de instrucción jurídica 20134050059403, que estableció los parámetros para atender los pendientes por cumplir por parte de los contratistas en los contratos liquidados con glosas y determinaron que se debe realizar requerimiento mediante oficio 20143560116001 para que el contratista radique antes del 28 de febrero de 2014 los documentos pendientes del acta de liquidación para que la DTGJ inicie la demanda ejecutiva correspondiente. 1.  Con memorando STMSV 20143560014303 del 24/01/2014 la DTM solicitó concepto a la DTGC sobre las acciones a seguir con respecto a los  incumplimientos del contratista para el contrato 077/2006.",30/03/16,en_progreso,,Terminada
34,34,"La DTGC  a través  del memorando DTGC 20144350029603 del 10/02/2014  dio respuesta  a la DTM  a la vez que efectúa citación a mesa de trabajo  para el 11/02/2014,  con el fin de definir  en conjunto, la DTM, la DTGC, la SGJ y la STPJ,   las acciones a seguir con respecto a la problemática que presenta en el contrato citado. Con fecha 11/02/2014 se  reúnen las áreas ya señaladas y definen las acciones a seguir las cuales  fueron consisgnadas en Acta  y  contemplan el inicio de una demanda por parte de la DGJ en contra del contratista,  la que se previó para el mes de mayo de 2014.",30/03/16,en_progreso,,Terminada
35,35,"Con el fin de dar cumplimeinto a las acciones determinadas en la mesa de trabajo particularmente la encaminada al inicio de la demanda,  la DTM remitió el oficio 20143560116001 de fecha 13/02/2014  con destino al contratista dando un plazo perentorio para hacer entrega de los productos pendientes relacionados en la Nota 2 del Acta de Liquidación del contrato 077/2006.  Ante  el silencio del contratista, la DTM  proyectó memorando 20143560051233 con destino a la DTGJ,  solicitando el inicio de la demanda, éste memorando  se encuentra en trámite.",30/03/16,en_progreso,,Terminada
36,36,"1. Mediante memorando 20143560043363  del 26/02/2014 dirigido a la DTGC  se solicitó a esa Dependencia:  • "" Llevar a cabo el ajuste de las minutas de los contratos de obra e interventoría, de forma tal que en los futuros contratos de tal naturaleza que celebre la Entidad, se establezca un plazo específico para dar inicio  a los mismos luego de ser suscritos por las partes"". • ""De igual manera y bajo el mismo fundamento, se solicita a esa Dirección Técnica que para futuros contratos de obra e interventoría suscritos por la Entidad, además de establecer el plazo para suscribir el acta de inicio, se verifique que dicho plazo sea acorde a las necesidades reales del contrato, según  las actividades a  llevarse a cabo en forma previa a la suscripción de la mencionada acta de acuerdo a lo previsto en el mismo documento del contrato y demás documentos que lo conformen"".  2. Con memorando 20144350383393 la Dirección Técnica de Gestión Contractual, informa que las minutas de los contratos se modificaron, tras lo cual se realizaron las respectivas publicaciones en el SECOP, remitiendo los links correspondientes.",30/03/16,en_progreso,,Terminada
37,37,"Con el fin de dar cumplimiento a la acción correctiva, la DTM   ha  asignado personal  para que  efectúa el control   en lo que compete y es del alcance de ésta Depenmdencia,  respecto a  las adiciones que se  pesenten   en los contratos a cargo,  ello con el propósito de verificar que las mismas cumplan con lo previsto al respecto  en el Manual de Gestión Contractual. Para el período que se reporta,   se efectuaron los adicionales  contenidos en CD anexo  para los contratos  56/2012 y 002/2003,  en  las  cuales se observó lo previsto en el Manual de Gestión  Contractual , por cuanto éstas no superan el 50% Con memorando 20143560565663, la DTM reporta los avances del período julio-agosto 2014. Con memorando 20153560004653, la DTM reporta los avances del periodo noviembre - diciembre 2014 ",30/03/16,en_progreso,,Terminada
38,38,"Como parte de la estrategia  implementada por la Entidad  para llevar a cabo en forma oportuna la liquidación de los contratos  en etapa de liquidación, La DTM designó tres funcionarios para formar parte del Grupo de Liquidaciones conformado por la Dirección General del IDU, quienes tienen a su cargo adelantar todas las gestiones tendientes a la liquidación de los contratos y convenios de la DTM,  dentro del plazo fijado en los mismos contratos y convenios,  o en su defecto,  dentro del plazo establecido por la ley. El cronograma 2014 de liquidación de contratos y convenios reposa en la Subdirección General de Infraestructura. En lo corrido del año se han realizado mesas de trabajo para el seguimiento a las liquidaciones.  Dentro de los resultados obtenidos  en el período  enero-febrero de 2014,  se realizó el archivo del convenio 7 de 2002 mediante memorando 20143560037253 del 18 de febrero de 2014 y se adelantaron   las acciones  encaminadas a buscar la solución a la situación que se  pesenta con el contrato  077/2006  descritas  en el reporte  para el hallazgo  2.3.4  contenido en el presente documento. Con memorando 20143560565663, reporta que en el período julio-agosto 2014 se realizó la liquidación Terminadas de ley de los contratos 72/2008 y 94/2008; adicionalmente, reporta que la DTGJ instauró demanda por el contrato 077/2006 la cual no ha sido admitida de acuerdo con el memorando 20144250539653 del 22 de agosto de 2014. Con memorando 20153560004653, la DTM reporta los avances del período Noviembre - Diciembre 2014 y en CD anexo se especifican los términos para los contratos terminados antes y después del 19 de diciembre de 2013, fecha de inicio de la acción propuesta.",30/03/16,en_progreso,,Terminada
39,39,"1. Con memorando 20144350027223 la DTGC informa que mediante oficio 20134351615571, dirigido a la aseguradoa Seguros del Estado, se solicita efectuar el pago del siniestro ¿, declarado mediante resolución N° 1450 del 30 de mayo de 2013, de acuerdo con el artículo 1080 del Código de Comercio. ",30/03/16,en_progreso,,Terminada
40,40,"2. La DTGC con memorando 20144350688973, del 23 de diciembre indica que con memorando 20144350686713 solicitó a la DTGJ el inicio del cobro ejecutivo de la resolución 1450 del 30 de meyo de 2013.",30/03/16,en_progreso,,Terminada
41,41,"Se citó el peticionario con oficio 20135731634111 de Diciembre 18 de 2013 a una reunión el 14 de enero de 2014.  El señor Julio César Acosta Tellez no asistió a la reunión por lo que se le envió mediante oficio 20145760042571 de enero 17 de 2014, copia del acta de reunión y la presentación del proyecto zona franca - obra N° 215.  Reportado por la DTAV con memorandos 20145760008083 y 20145650046843",30/03/16,en_progreso,,Terminada
42,42,"Mediante memorando 20144350364693 del 20 de mayo de 2014, la DTGC reporta que se actualizó el formato, ahora con el código FO - GC - 05 V 4.0, socializado mediante correo electrónico por la OAC",30/03/16,en_progreso,,Terminada
43,43,"Se realizaron 4 mesas de trabajo conjuntas con la EAAB , la SDH y el IDU con el fin de conciliar las operaciones recíprocas entre el IDU y la EAAB las cuales se llevaron a cabo el 27 de mayo, el 17 de junio, el 19 de junio y el 27 de junio, se anexa planilla de asistencia y acta de las reuniones, se fijó como política  registrar  con actas parciales o finales tanto el recibo de la obra ejecutada  y recibida a satisfaccion por las 2 entidades de los recursos entregados y recibidios, a fin de presentar saldos conciliados. Se acordó que a junio 30  de 2014 las dos entidades realizarán los ajustes  necesarios a fin  de presentar saldos  debidamente conciliados. El IDU reversa todos  los giros que ha presentado  y por parte de la EAAB  se hara el mismo  procedimiento. Se verificará el cumplimiento de los saldos conciliados. DTM reporta el cumplimiento de su asistencia.",30/03/16,en_progreso,,Terminada
44,44,"La DG envía reporte de cumplimiento de metas de inversión de los proyectos 809 y 810, consolidando la información de la OAP y SGI",30/03/16,en_progreso,,Terminada
45,45,Se incluyeron los recursos en el anteproyecto de presupuesto,30/03/16,en_progreso,,Terminada
46,46,Se solicitaron los recursos a la SHD,30/03/16,en_progreso,,Terminada
47,47,"Con memorando 20153250172123 la DTDP  reporta que con oficio 20153250701831  del 6 de mayo de 2015, se reiteró al DADEP por parte del Director General la importancia de la entrega de los predios objeto del hallazgo.",30/03/16,en_progreso,,Terminada
48,48,"Con memorando 20144350424363 del 7 de julio de 2014, la DTGC, reporta la modificación de las minutas de los contratos, en lo referente al plazo para la suscripción del acta de inicio.",30/03/16,en_progreso,,Terminada
49,49,La DTC reporta avance con memorando 20143350688683 del 22 de diciembre de 2014. Reporta cumplimiento con memorando 20153350000833 del 5 de enero de 2015,30/03/16,en_progreso,,Terminada
50,50,"Con memorando 20153150075233, la DTD expresó: ""El 24 de febrero de 2015, fecha de terminación del contrato IDU-849-2013, el Consorcio L1 entregó la totalidad de los productos correspondientes al mismo, los cuales, están en revisión final, por parte del Consorcio Integral -Ayesa, interventor del contrato.""",30/03/16,en_progreso,,Terminada
51,51,"Con memorando 20143150655403, se modificó la acción de mejora. Con memorando 20143150692493 del 30 de diciembre de 2014, la DTD informa que la acción se cumplió, mediante la modificación del Manual de Gestión Contractual MG-GC-006, página 23, adoptada mediante Resolución 22563 del 2014, sobre el particular.",30/03/16,en_progreso,,Terminada
52,52,"Con memorando 20144350424363 del 7 de julio de 2014, la DTGC, reporta la modificación de las minutas de los contratos, en lo referente al plazo para la suscripción del acta de inicio.",30/03/16,en_progreso,,Terminada
53,53,La DTC reporta avance con memorando 20143350688683 del 22 de diciembre de 2014. Reporta cumplimiento con memorando 20153350000833 del 5 de enero de 2015,30/03/16,en_progreso,,Terminada
54,54,"La DTM reporta, con memorando 20143560565663 que desde el inicio de la acción, la DTM no ha dado inicio a contratos de obra o interventoría a su cargo. La DTD reporta, con memorando 20143150656333 el listado de procesos hasta el 27 de Noviembre de 2014 La DTC reporta, con memorando 20143350688693 el listado de procesos hasta el 18 de Diciembre de 2014 La DTC reporta, con memorando 20153350001233 el listado de procesos hasta el 31 de Diciembre de 2014 La DTM reporta, con memorando 20153560004653 el listado de procesos del año 2014 La DTD reporta, con memorando 20153150072183 el listado de procesos hasta febrero de 2015.",30/03/16,en_progreso,,Terminada
55,55,"Con memorando 2014435042363, la DTGC informó acerca del avance.  La DTM informa que del inicio de la acción hasta junio 26 de 2014, no se ha dado inicio a contratos.  Con memorando 20144350529243, la DTGC soporta el avance en julio 2014. Con memorando 20144350561073, del 1 de septiembre de 2014, la DTGC soporta el avance en agosto de 2014. Con memorando 20144350608083 del 8 de octubre de 2014, la DTGC envía informe. Con memorando 20144350638603, la DTGC soporta el avance en Octubre de 2014. Con memorando 20144350669463, la DTGC reporta el avance a Noviembre de 2014 Con memorando 20154350000813, la DTGC reporta el avance a Diciembre de 2014",30/03/16,en_progreso,,Terminada
56,56,"Se realizaron las verificaciones correspondientes por la OCI y no se ha cumplido la acción al corte de Agosto 31. La SGGC expresó el 9 de septiembre ""A la fecha se encuentran ubicados 404 funcionarios y/o contratistas, los 96 restantes serán ubicados en los primeros 15 días del mes de septiembre. Lo anterior atendiendo a la contingencia presentada en relación con el proceso de contrataciónd e personal de apoyo a la gestión."" De acuerdo con los documentos enviados por las siguientes áreas: STOP, DTM,DTDP,DTD al 31 de octubre de 2014 se encuentran laborando en la sede Alcázares un total de 432 personas entre contratistas y personal de planta, para un cumplimiento del 86.4% de la capacidad contratada. Con memorando 20155260076273 anexan planos numerados y acta de entrega/recibo del predio. Tras lo cual  la acción se debe cerrar con ejecución parcial debido a la imposibilidad material de cumplirla por no existir legalmente el contrato 2287 de 2013.",30/03/16,en_progreso,,Terminada
57,57,"Con memorando 20143350422413 del 3 de julio de 2014, la DTC reporta el contrato adicional suscrito correspndiente a la adición y/o modificación del contrato 073 de 2009. con lo que se cumple la primera acción del hallazgo. Con memorando 20143350692343 del 29 de diciembre de 2014, la DTC reporta la proyección en tiempo y valor del contrato IDU-073 de 2009, con lo que cumple la segunda acción del hallazgo.",30/03/16,en_progreso,,Terminada
58,58,"La DTM informa que mediante memorando 20143550418713 del 27 de junio de 2014, informó a la DTD la obligación contenida en la acción, por cuanto dicha área es la responsable de elaborar los pliegos de condiciones. Con memorando 20143560565663, la DTM reporta que la DTD con memorando 20143150563053 de septiembre 1 de 2014, incluyó el requisito en los procesos IDU-LP-SGI-010-2014 e IDU-LP-SGI-017-2014. Al 28 de Noviembre de 2014, la DTD con memorando 20143150657413, expresó que con memorando 20143150563053, reportó elcumplimiento en los procesos 010 y 017 mencionados anteriormente. Con memorando 20153560004653 la DTM reporta que en 2014 solamente se adelantaron los procesos selectivos ya enunciados en el párrafo anterior",30/03/16,en_progreso,,Terminada
59,59,La STRT solicitó la ampliación del término. Con oficio 20155360288741 del 27 de febrero la STRT envió el PETIC  a la Alta Consejería Distrital de TIC. ,30/03/16,en_progreso,,Terminada
60,60,Lista de Asistencia a la jornada desarrollada el 23 de diciembre de 2014,30/03/16,en_progreso,,Terminada
61,61,"Con correo electrónico del 8 de mayo de 2015, la STRT presenta reporte. Con memorando 20155350171263, la STRT aclara el alcance en cuanto que el 100% de los equipos, corresponde al número existente al momento de la auditoría, esto es 862 unidades",30/03/16,en_progreso,,Terminada
62,62,Contrato 1812 de 2014,30/03/16,en_progreso,,Terminada
63,63,"La DTC mediante memorando 20143350628073 y 20143350631903 de Octubre 28 y 31 de 2014, envía avances del cumplimiento de la acción, mediante envío de los contratos 1259 y 1654 de 2014, correspondientes a los procesos licitatorios 015 y 013 de 2014. Con memorando 20153350001323, la DTC reporta los contratos 1835, 1743 y 1807 de 2014 correspondiente a los procesos licitatorios 020,021 y 023 de 2014.  La DTD con memorando 20153150072023, reporta el cumplimiento de la acción con la suscripción en plazos de los contratos correspondientes.",30/03/16,en_progreso,,Terminada
64,64,"Con corte a 31 de diciembre se reporta los predios que fueron transferidos a la Caja de Vivienda Popular mediante las Resoluciones IDU 78124 y 89944 de 2014, con destino a proyectos de vivienda de interés social; por lo cual se solicita el retiro de estos los mismos. Vale la pena aclarar que los RT 20218/44494, 20217/44495, 20216/44496, 20220/44497, 20233/44463, 40986/44471, 20318/44477, 20317/44476, 20316/44475, con número de item 8, 9, 10, 11, 12, 18, 24, 25 y 26 respectivamente, fueron transferidos parcialmente; es decir se transfirió a la Caja de Vivienda Popular el área remanente, quedando a nombre del IDU el área afectada en vía las cuales se encuentran discriminadas en el cuadro adjunto de Predios entregados Av Comuneros ; los 20 predios restantes fueron transferidos en su totalidad. Asi mismo se adjunta la resolucion 89944 de 2014.",30/03/16,en_progreso,,Terminada
65,65,"La DTC mediante memorando 20143350628073 y 20143350631903 de Octubre 28 y 31 de 2014, envía avances del cumplimiento de la acción, mediante envío de los contratos 1259 y 1654 de 2014, correspondientes a los procesos licitatorios 015 y 013 de 2014. Con memorando 20153350001323, la DTC reporta los contratos 1835, 1743 y 1807 de 2014 correspondiente a los procesos licitatorios 020,021 y 023 de 2014.  La DTD con memorando 20153150072023, reporta el cumplimiento de la acción con la suscripción en plazos de los contratos correspondientes.",30/03/16,en_progreso,,Terminada
66,66,Se elaboró una matriz en Excel mientras no se cuente con un aplicativo diferente,30/03/16,en_progreso,,Terminada
67,67,"Con oficio 20144251257781 del 7 de octubre de 2014, la DTGJ solicitó a la Subdirección Distrital de Defensa Judicial y Prevención del Daño Antijurídico, Doctor Omar Segundo Alemán Cabrero, que se incluya en el SIPROJ un módulo de Registro y Control de Querellas Policivas",30/03/16,en_progreso,,Terminada
68,68,"Con memorando 20144250607093 del 7 de octubre de 2014, la DTGJ solicitó a la STRT la adquisición de un programa para registro y control de las querellas policivas. Con memorando 20154250198513, reportan el formato de solicitud de un aplicativo a la STRT",30/03/16,en_progreso,,Terminada
69,69,"Con memorando envían la primera conciliación trimestral de querellas policivas. Con memorando 20153250078943 reportan 5 mesas de trabajo, de igual manera la DTGJ, con memorando 20154250071653, del 5 de marzo de 2015, reporta las mismas 5 mesas de trabajo, con memorando 20154250198513 de julio 3 de 2015, la DTGJ  reporta tres reuniones en junio de 2015, adicionales a las presentadas con anterioridad, Con memorando 20154250312973 del 14 de octubre de 2015, la DTGJ eporta la realización de la conciliación del tercer trimestre de 2015.",30/03/16,en_progreso,,Terminada
70,70,"Con memorando 20155260121243 del 29 de abril de 2015, la STRF presenta los soportes que soportan el cumplimiento de la acción, particularmente el informe con definiciones, inventario y listado de usuarios",30/03/16,en_progreso,,Terminada
71,71,"Con memorando 20155260121243 del 29 de abril de 2015, la STRF presenta informe. Debe tenerse en cuenta que no especifica los productos generados por el personal que labora en la sede Alcázares. Mediante correo electrónico del 21 de agosto de 2015, la SGGC envÍa documento que no corresponde a la acción propuesta por el IDU, toda vez que no cumple con lo ofrecido por la Entidad como acción de mejoramiento, que es ""Presentar a la Contraloría de Bogotá un informe en el cual se evidencien los productos generados por el personal que labora en la sede Alcázarez, con el fin de corroborar la necesidad de la contratación de dicho espacio."" Por lo anterior, no es posible aceptar el documento como válido para certificar el cumplimiento de la acción, ni tampoco para determinar su efectividad, toda vez que el documento no presenta las condiciones propuestas por la Entidad al momento de la redacción del Plan de Mejoramiento. Con memorando 20155260276863 del 21 de Septiembre el Subdirector Técnico de Gestión Corporativa da alcance al informe presentado en Marzo de 2015, ajustando el documento a los términos convenidos en la acción.",30/03/16,en_progreso,,Terminada
72,72,"Con memorando 20155050109523 del 21 de abril de 2015, la SGGC, reportó que con memorando 20145050637833 del 7 de noviembre de 2014, se solicitó la investigación disciplinaria correspondiente.",30/03/16,en_progreso,,Terminada
73,73,"Con memorando 20155260076273, la STRF envía acta de liquidación con los ajustes comprometidos",30/03/16,en_progreso,,Terminada
74,74,"Con memorando 20155260076273, la STRF soporta con las listas de asistencia y actas de reunión que se adelantaron las sesiones de capacitación comprometidas",30/03/16,en_progreso,,Terminada
75,75,"La Subdirección General de Gestión Corporativa, con memorando 20155050118223, envía acta de reunión en la cual registran que estudiaron el tema y determinaron que no era necesaria la actualización del Manual de Interventoría por cuanto existe una Guía GU-DP-017 para el manejode las situaciones descritas en el hallazgo que se publicó en Febrero de 2014, fecha posterior al hallazgo determinado por la Contraloría de Bogotá D.C.",30/03/16,en_progreso,,Terminada
76,76,"Con memorando 20155260076273, la STRF anuncia que con memorando 20135150258043, dirigido a la OCD,se había solicitado la apertura del proceso disciplinario correspondiente.",30/03/16,en_progreso,,Terminada
77,77,"Con memorando 20155260076273, la STRF soporta con las listas de asistencia y actas de reunión que se adelantaron las sesiones de capacitación comprometidas. Con memorando 20155160150133, la STRH reporta el cumplimiento de la acción y aporta listado de asistencia.",30/03/16,en_progreso,,Terminada
78,78,"La Subdirección General de Gestión Corporativa, con memorando 20155050118223, envía acta de reunión en la cual registran que estudiaron el tema y determinaron que no era necesaria la actualización del Manual de Interventoría por cuanto existe una Guía GU-DP-017 para el manejode las situaciones descritas en el hallazgo que se publicó en Febrero de 2014, fecha posterior al hallazgo determinado por la Contraloría de Bogotá D.C.",30/03/16,en_progreso,,Terminada
79,79,"Con memorando 20155660077493 del 12 de marzo de 2015, se presentan avances de la elaboración del cronograma. Con memorando 20155660149463, presenta el primer balance de cumplimiento. Con memorando 20155660873993, la STJEF, presenta el balance de la atención de los 2245 recursos de reconsideración presentados con ocasión del acuerdo 523 de 2013, reportados de acuerdo con el mecanismo  de notificación: edición, personal, por correo, mediante correo electrónico. Las fuentes de la información son el aplicativo Valoricemos y el sistema de correspondencia ORFEO",30/03/16,en_progreso,,Terminada
80,80,"Con memorando 20155160077323 del 12 de marzo de 2015, la STRH  reporta que realiza el seguimiento para dar cumplimiento a la acción. Con memorando 20155160150133, la STRH reporta el seguimiento. Con memrorando 20165160002883 del 7 de enero de 2016, reporta el cumplimiento de la acción al 100%",30/03/16,en_progreso,,Terminada
81,81,"Con memorando 20154350905113, del 30 de diciembre de 2015, la DTGC reporta el cumplimiento de la jornada de capacitación, aportando los soportes que lo evidencian.",30/03/16,en_progreso,,Terminada
82,82,"Con memorando 20154350905113, del 30 de diciembre de 2015, la DTGC reporta el cumplimiento de la jornada de capacitación, aportando los soportes que lo evidencian.",30/03/16,en_progreso,,Terminada
83,83,"Mediante memorando 20154350194033 de junio 30 de 2015, la DTGC informa que se adelantó la mesa de trabajo el 18 de junio de 2015, aportando correos electrónicos, acta de reunión, listado de asistencia y presenta dos compromisos a partir de dicha reunión unificando los expedientes de los contratos en que se presente cesión.",30/03/16,en_progreso,,Terminada
84,84,Con memorando 20155160077323 la STRH envía los soportes de cumplimiento: Lista de Asistencia y presentación,30/03/16,en_progreso,,Terminada
85,85,"Con memorando 20155160077323 la STRH reporta el avance. Con memroando 20155160150133, la STRH reporta el cumplimiento de la acción.",30/03/16,en_progreso,,Terminada
86,86,Con memorando 20155160259543 la STRH reportó el cumplimiento de la acción y envió los soportes correspondientes a las capacitaciones adelantadas por cada Subdirección General.,30/03/16,en_progreso,,Terminada
87,87,"Mediante memoerando 20155760074573 del 9 de marzo de 2015, la STOP informa que se han adelantado reuniones y se han establecido dos (2) estrategias dentro del Plan de Comunicaciones fijado para ser realizado entre marzo y junio de 2015.Adicionamente, con memorandos 20155760221673 del 22 de julio y 20155760229503 del  30 julio de 2015, se complementa la información de avance de la acción.",30/03/16,en_progreso,,Terminada
88,88,"La Oficina Asesora de Planeación, programó y realizó tres jornadas de actualización dirigidas a todos los servidores de la Entidad así: Sede Alcázares, Sede Calle 22 y Comité Operativo SIG. En la misma se presentaron los principales cambios surtidos a raíz de la expedición del Decreto 943 de 2014; al igual que el desarrollo de las fases al interior del Instituto. Adicionalmente, se colocó la presentación en la intranet del Instituto en el link http://calidad.idu.gov.co/web/cal/meci_home , y se informó a los servidores sobre dicho acceso a la información.  EVIDENCIA No.1: Flash de invitación a las jornadas, listas de asistencia, presentación, flash de aviso para acceso a la presentación.",30/03/16,en_progreso,,Terminada
89,89," El 26 de agosto de 2015, se expidió resolución 58681, por la cual se adopta el Modelo Estándar de Control Interno MECI en el IDU. La resolución se divulgó a todo el IDU, mediante flash informativo del 31 de agosto y se colocó a disposición de los servidores en el link http://calidad.idu.gov.co/web/cal/meci_home.  EVIDENCIA No.2: Resolución 56681 del 26 de agosto de 2015 y flash de divulgación.",30/03/16,en_progreso,,Terminada
90,90," El 22 de julio de 2015, se envió solicitud a la Dirección Distrital de Desarrollo Institucional de la Secretaria General de la Alcaldía, presentando las inquietudes existentes frente a la implementación del SIG.  EVIDENCIA No.3: Correo electrónico remitido a la Secretaria General de la Alcaldía.",30/03/16,en_progreso,,Terminada
91,91,"Mediante correo electróncio del 8 de enero de 2016, la OAP reporta el cumplimiento de la implementación de los 35 productos del SIG  de acuerdo con los cronogramas propuestos por la Alcaldía Mayor.  Soporta con cronograma del Plan Gerencial SIG y acta de la auditoría adelantada por delegados de la Secretaría General.",30/03/16,en_progreso,,Terminada
92,92,"Se encuentra pendiente la digitalización, publicación y socialización del procedimiento que ya fue levantado y actualizado con el nuevo aplicativo que se está implementando. El 14 de diciembre se publicó el procedimiento en el Flash IDU.",30/03/16,en_progreso,,Terminada
93,93,"Mediante correo electrónico del 30 de diciembre de 2015, la SGI reporta la actualización de la Guía GU-FP-01 y la creación de la Guía GU-DP-01, que dan cumplimiento a la acción propuesta. Adicionalmente, presenta copia del Flash IDU mediante el cual se publicaron los documentos.",30/03/16,en_progreso,,Terminada
94,94,"Mediante correo electrónico del 30 de diciembre de 2015, la SGI reporta la actualización de la Guía GU-FP-01 y la creación de la Guía GU-DP-01, que dan cumplimiento a la acción propuesta. Adicionalmente, presenta copia del Flash IDU mediante el cual se publicaron los documentos.",30/03/16,en_progreso,,Terminada
95,95,"Mediante correo electrónico del 30 de diciembre de 2015, la SGI reporta la actualización de la Guía GU-FP-01 y la creación de la Guía GU-DP-01, que dan cumplimiento a la acción propuesta. Adicionalmente, presenta copia del Flash IDU mediante el cual se publicaron los documentos.",30/03/16,en_progreso,,Terminada
96,96,"Mediante memorando 20153350870723, del 7 de diciembre de 2015, la DTC reporta que el 17 de noviembre de 2015, se suscribió el acta de recibo de obra del contrato IDU-074-2012.  Anexa copia del acta.",30/03/16,en_progreso,,Terminada
97,97,"Mediante correo electrónico del 30 de diciembre de 2015, la SGI reporta la actualización de la Guía GU-FP-01 y la creación de la Guía GU-DP-01, que dan cumplimiento a la acción propuesta. Adicionalmente, presenta copia del Flash IDU mediante el cual se publicaron los documentos.",30/03/16,en_progreso,,Terminada
98,98,"Mediante correo electrónico del 8 de enero de 2016, la DTC reporta que no se ha suscrito el acta de liquidación",30/03/16,en_progreso,,Terminada
99,99,"Mediante correo electrónico del 8 de enero de 2016, la DTC reporta que no se ha suscrito el acta de liquidación",30/03/16,en_progreso,,Terminada
100,100,"Con memorando 20153350239523, la DTC reportó el cumplimiento de la acción propuesta y remitió los informes faltantes.",30/03/16,en_progreso,,Terminada
101,101,"Con memorando 20153350284683 de Septiembre 29 de 2015, la DTC reporta el ajuste de la Matriz de Riesgos para que contemple la situación descrita en el hallazgo.",30/03/16,en_progreso,,Terminada
102,102,"Mediante memorando 20153150876913 del 16 de diciembre de 2015, la DTD informa que en la versión 11 del formato FO-GC-02 Lista de chequeo trámite de procesos de selección, en el numeal 9, se encuentra como punto de chequeo, la siguiente expresión: ""Manifiesto que el proceso cuenta con diagnóstico predial o análisis de predios objeto de adquisición, en virtud a lo previsto por la ley 1682 de 2013"".",30/03/16,en_progreso,,Terminada
103,103,"Mediante correo electrónico del 8 de enero de 2016, la DTC reporta el listado de contratos con el que se ha llevado a cabo el seguimiento al cumplimiento de la acción.",30/03/16,en_progreso,,Terminada
104,104,"Mediante memorando 20153150319593 del 20 de octubre de 2015, la DTD reporta que falta aprobar tres de los 25 documentos. Por lo anterior a la fecha de finalización del plazo no se ha cumplido la acción .Mediante memorando 20153150375993, la DTD informa que se encuentra pendiente de aprobación el ""Informe Ejecutivo Final... Este informe se encuentra sujeto al acto administrativo del inventario forestal, por parte de la AAC2",30/03/16,en_progreso,,Terminada
105,105,"Mediante correo electrónico del 30 de diciembre de 2015, la SGI reporta la actualización de la Guía GU-FP-01 y la creación de la Guía GU-DP-01, que dan cumplimiento a la acción propuesta. Adicionalmente, presenta copia del Flash IDU mediante el cual se publicaron los documentos.",30/03/16,en_progreso,,Terminada
106,106,"La DTC envía memorando 20153350905063, del 30 de diciembre de 2015, reporta lo actuado en le comité de movilidad del 12 de mayo de 2015. Con memorando 20163350003843, se reportan los documentos que permiten evidenciar que se escaló el tema y se contó conlos PMT aprobados.",30/03/16,en_progreso,,Terminada
107,107,"No se autorizo dejar los procesos en curso, del proyecto del muro de la calle 45, tanto de obra como de Interventoría,",30/03/16,en_progreso,,Terminada
108,108,"Con memorando 20162250006453 del 14 de enero de 2015, la DTP reporta que se expidió la Guía GUFP02_ESTRUCTURACION_DE_PROGRAMAS_DE_CONSERVACION_PARA_LOS_SISTEMAS_DE_MOVILIDAD_Y_ESPACIO_PUBLICO_PEATONAL_CONSTRUIDO_EN_BOGOTA_V_1.0",30/03/16,en_progreso,,Terminada
109,109,"Mediante memorando 20153560892563, la DTM expresa que dado  el acercamiento que se venía adelantando entre las dos entidades, se estimaba el recibo de las obras por parte de SDM durante el plazo establecido para el cumplimiento de la acción correctiva, por lo cual no fue llevado al Comité  Sectorial durante dicho plazo. No obstante se recibieron observaciones, ante lo cual el proceso de recibo de las obras se encuentra en atención por parte del contratista y de la interventoría, de tales observaciones efectuadas por la SDM; una vez sean radicadas las correcciones, se espera obtener el recibo de las obras por la SDM.  Durante el periodo  que se reporta se han realizado mesas de trabajo con la SDM para revisar las solicitudes elevadas por la citada entidad, lo anterior se evidencia en el acta  de fecha 18 de noviembre de 2015 anexa. Dado  el acercamiento que se venía adelantando entre las dos entidades, se estimaba el recibo de las obras por parte de SDM durante el plazo establecido para el cumplimiento de la acción correctiva, por lo cual no fue llevado al Comité  Sectorial durante dicho plazo. No obstante,  se recibieron observaciones, ante lo cual el proceso de recibo de las obras  se dilató más allá de lo previsto, dado que implicó la atención de tales observaciones por parte del contratista y de la interventoría,  quienes avanzan en la elaboración del respectivo informe para ser radicado ante la  SDM.  Actualmente se adelanta la gestión para superar  una discrepancia  de índole técnico surgida  entre las dos entidades  relacionada con el tipo de pintura  colocada en la demarcación de los segmentos  intervenidos, con lo cual se remitió el oficio No. STMSV-20163560180231 del 29/02/2016,  mediante el cual  el IDU aclara los diferentes  aspectos  objeto de observaciones por la  SDM. Evidencias: ver aplicativo Orfeo Actualmente se adelnata gestión para mesa de trabajo IDU-SDM-Contratista para verificación y aprobación.",30/03/16,en_progreso,,Terminada
110,110,"Mediante correo electrónico del 30 de diciembre de 2015, la SGI reporta la actualización de la Guía GU-FP-01 y la creación de la Guía GU-DP-01, que dan cumplimiento a la acción propuesta. Adicionalmente, presenta copia del Flash IDU mediante el cual se publicaron los documentos.",30/03/16,en_progreso,,Terminada
111,111,"El 5 de junio de 2015 se realizó la inclusión del siguiente párrafo en el modelo de pliego (pagina 15): ""Nota: Los recursos que se entregan a título de anticipo a la fiduciaria deberán invertirse únicamente en los fondos de inversión colectivos administrados por la Fiduciaria que cumplan con las condiciones del artículo 49 del Decreto 1525 de 2008, o en cuentas de ahorro o corrientes.""",30/03/16,en_progreso,,Terminada
112,112,"Mediante correo electrónico del 30 de diciembre de 2015, la SGI reporta la actualización de la Guía GU-FP-01 y la creación de la Guía GU-DP-01, que dan cumplimiento a la acción propuesta. Adicionalmente, presenta copia del Flash IDU mediante el cual se publicaron los documentos.",30/03/16,en_progreso,,Terminada
113,113,,30/03/16,en_progreso,,Terminada
114,114,"Con memorando 20155260076273, la STRF soporta con las listas de asistencia y actas de reunión que se adelantaron las sesiones de capacitación comprometidas. Con memorando 20155160150133, la STRH reporta el cumplimiento de la acción y aporta listado de asistencia. Mediante memorando 20165260002043, la STRF reporta cuatro anexos que permiten verificar el cumplimiento de la acción.",30/03/16,en_progreso,,Terminada
115,115,"La STRF, mediante memorando 20165260002043, del 6 de enero de 2016, reporta que se cumplió con la acción y presenta como soportes los documentos a ser socializados, correos electrónicos, presentación y lista de asistencia a la capacitación realizada el 21 de septiembre de 2015.",30/03/16,en_progreso,,Terminada
116,116,"Mediante correo del 29 de diciembre de 2015, la SGI reportó el cumplimiento de la acción mediante el envío del Documento de Inversiones Requeridas para 2015, correspondientes al Convenio Interadministrativo 112 de 2015, Acta de aprobación del Comité Coordinador del Convenio IInteradministrativo 112 de 2015, y oficio 20153050448191 del 13 de abril de 2015, con el cual se radicón en Transmilenio el documento.",30/03/16,en_progreso,,Terminada
117,117,,30/03/16,en_progreso,,Terminada
118,118,,30/03/16,en_progreso,,Terminada
119,119,"Con memorando 20165460011023, del 22 de enero de 2016, la STPC, reporta que se emitieron los informes y se socializaron en los comités directivos.",30/03/16,en_progreso,,Terminada
120,120,"Con memorando 20154250201083, la DTGJ reporta el avance de la acción",30/03/16,en_progreso,,Terminada
121,121,"Con memorando 20154250242763, la DTGJ solicitó la asignación de los recursos requeridos",30/03/16,en_progreso,,Terminada
122,122,"Con memorando 20154250201083, la DTGJ reporta el avance de la acción",30/03/16,en_progreso,,Terminada
123,123,"Con memorando 20154250242763, la DTGJ solicitó la asignación de los recursos requeridos",30/03/16,en_progreso,,Terminada
124,124,"Con memorando 20154250201083, la DTGJ reporta el avance de la acción",30/03/16,en_progreso,,Terminada
125,125,"Con memorando 20154250242763, la DTGJ solicitó la asignación de los recursos requeridos",30/03/16,en_progreso,,Terminada
126,126,"Con memorando 20162250006453 del 14 de enero de 2015, la DTP reporta que se expidió la Guía GUFP02_ESTRUCTURACION_DE_PROGRAMAS_DE_CONSERVACION_PARA_LOS_SISTEMAS_DE_MOVILIDAD_Y_ESPACIO_PUBLICO_PEATONAL_CONSTRUIDO_EN_BOGOTA_V_1.0",30/03/16,en_progreso,,Terminada
127,127,"Con memorando 20164350004653 de enero 12 de 2016, se reporta que se realizaron las dos (2) capacitaciones propuestas",30/03/16,en_progreso,,Terminada
128,128,,30/03/16,en_progreso,,Terminada
129,129,"Con memorando 20153560892563, la DTM expresa: Mediante oficio STMST 20153661538571 09/10/2015  se solicitó a la firma interventora el informe de atención de observaciones realizadas en desarrollo de las obras ejecutadas bajo el CTO IDU-1686-2014. Mediante comunicación RAD IDU  20155261341392 del 21/10/2015, la interventoría remite un primer informe sobre el avance de la atención de las observaciones. Mediante comunicación  RAD IDU  20155261541452 del 21/12/2015, la interventoría entrega un nuevo informe sobre el avance en la atención de las observaciones por parte del contratista, cuya culminación se tiene prevista para la presente semana. Evidencias: aplicativo orfeo Con memorando 20163550002923 del 7 de enero de 2016, la DTM expresa que de acuerdo con oficio 20155261561582, radicado el 30 de diciembre de 2015, la interventoría determinó que el contratista cumplió con la totalidad de los requerimientos fruto de las observaciones de la Contraloría de Bogotá D.C.",30/03/16,en_progreso,,Terminada
130,130,"Con memorando 20153560892563, la DTM expresa: A la fecha el contratista se encuentra finalizando  las observaciones efectuadas por tanto, no ha dado lugar a otras acciones. Con memorando 20163550002923 del 7 de enero de 2016, la DTM expresa que de acuerdo con oficio 20155261561582, radicado el 30 de diciembre de 2015, la interventoría determinó que el contratista cumplió con la totalidad de los requerimientos fruto de las observaciones de la Contraloría de Bogotá D.C.",30/03/16,en_progreso,,Terminada
131,131,"Con memorando 20163050010063 del 21 de enero de 2016, la SGI solicitó ampliación del plazo, solicitud que se transmitió a la Contraloría Distrital con oficio 20161350068561, el cual no fue contestado por lo que por silencio administrativo positivo fue admitida la ampliación del plazo hasta el 30 de agosto de 2016",30/03/16,en_progreso,,Terminada
132,132,,30/03/16,en_progreso,,Terminada
133,133,,30/03/16,en_progreso,,Terminada
134,134,"Mediante memorando 20154350870313, del 7 de diciembre de 2015, la DTGC informa que el 25 de septiembre de 2015 solicitó a Colombia Compra Eficiente el cambio del estado del proceso conv-3-2012, por cuanto se encontraba como LIQUIDADO, tras lo cual, una vez efectuado el cambio en el estado, se procedió a hacer la publicación de los estudios previos y el acto administrativo de justificación de la contratación directa del convenio 3 de 2012, el día 1 de octubre de 2015, cumpliendo de esta manera con la acción correctiva. Se adjuntan los soportes.",30/03/16,en_progreso,,Terminada
135,135,,30/03/16,en_progreso,,Terminada
136,136,,30/03/16,en_progreso,,Terminada
137,137,"La DTM reporta con memorando 20153560892563, que con oficio STMST-20153662031881 del 12/11/2015, el IDU requirió y reiteró a la UAEMRV, la devolución de la totalidad de los recursos correspondiente al valor no ejecutado del primer desembolso del anticipo, a lo que la Unidad mediante oficio SG-GF-T 7126 RAD IDU 20155261398962 del 10/11/2015 informa que la devolución del saldo de contrato interadministrativo 03 de 2012 se efectuó el 09/10/2015. Por lo anterior, mediante oficio STMST-20153662065551 del 24/11/2015 el IDU manifiesta a la Unidad que una vez revisados los soportes remitidos se evidencia que solo se devolvió la suma de OCHOCIENTOS SESENTA Y OCHO MILLONES DOSCIENTOS SETENTA Y UN MIL DOSCIENTOS DIECISIETE PESOS MCTE ($868.271.217) quedando pendiente por devolver un saldo de TREINTA Y UN MILLONES OCHOCIENTOS CUARENTA Y UN MIL CUATROCIENTOS SESENTA Y SEIS PESOSMCTE($31.841.466). Por otro lado, se remitió oficio STMST-20153662113911 del 09/12/2015 a la Secretaria General de la Alcaldía Mayor de Bogotá informando la situación que se presenta en el contrato interadministrativo 03 de 2012, solicitando se informe sobre las actuaciones que debe adelantar el IDU, de tal manera que permita el debido cumplimiento de las obligaciones a cargo de la UAERMV que se encuentran consignadas en la minuta del Contrato Interadministrativo 03 de 2012. Evidencias: aplicativo orfeo",30/03/16,en_progreso,,Terminada
138,138,"La DTM reporta con memorando 20153560892563, que con oficios STMST-20153662031881 del 12/11/2015 y STMST 20153662065551 del 24/11/2015, el IDU requirió y reiteró a la UAEMRV, el envío de la certificación firmada por Contador Público y Director Financiero, donde se especifique el monto desagregado para cada uno de los meses, de los rendimientos financieros generados en virtud del Convenio 03 de 2012. A  lo anterior, la Unidad  mediante oficio SG-GF-T 7126 RAD IDU 20155261398962 del 10/11/2015 envió dicha certificación. No obstante lo anterior, teniendo en cuenta el memorando interno STTR-20155560375843 del 01/12/2015 de la Subdirección Técnica de Tesorería y Recaudo,  el IDU mediante oficio STMST-20153662143061 del 17/12/2015 solicitó a la Unidad tener en cuenta las observaciones allí realizadas  y subsanar las mismas de manera inmediata, remitiendo al IDU los soportes que evidencien la atención de tales observaciones. Por otro lado, se remitió oficio STMST-20153662113911 del  09/12/2015 a la Secretaria General de la Alcaldía Mayor de Bogotá informando la situación que se presenta en el contrato interadministrativo 03 de 2012, solicitando se informen las actuaciones que debe adelantar el IDU, de tal manera que se permita el debido cumplimiento de las obligaciones a cargo de la UAERMV que se encuentran consignadas en la minuta del Contrato Interadministrativo 03 de 2012.  Evidencias: aplicativo orfeo.  Con oficios STMST-20153662031881 del 12/11/2015 y STMST 20153662065551 del 24/11/2015, el IDU requirió y reiteró a la UAEMRV, el envío de la certificación firmada por Contador Público y Director Financiero, donde se especifique el monto desagregado para cada uno de los meses, de los rendimientos financieros generados en virtud del Convenio 03 de 2012. A  lo anterior, la Unidad  mediante oficio SG-GF-T 7126 RAD IDU 20155261398962 del 10/11/2015 envió dicha certificación. No obstante lo anterior, teniendo en cuenta el memorando interno STTR-20155560375843 del 01/12/2015 de la Subdirección Técnica de Tesorería y Recaudo del IDU, mediante oficio STMST-20153662143061 del 17/12/2015 se solicitó a la Unidad tener en cuenta las observaciones allí realizadas  y subsanar las mismas de manera inmediata, remitiendo al IDU los soportes que evidencien la atención de tales observaciones. Mediante memorando interno 20163660014793 de fecha 27/01/2016 se remitió a la Subdirección Técnica de Tesorería y Recaudo,  respuesta al memorando  STTR-20155560375843 de fecha 01/12/2015. Lo anterior, con base en la información remitida por la Unidad Administrativa Especial de Rehabilitación y Mantenimiento Vial mediante oficio SG-GF-T 417   RAD  IDU 20165260050002 de fecha 25/01/2016.  A la fecha no se ha obtenido respuesta  de la STTR.Evidencias: ver aplicativo OrfeoEs importante mencionar que mediante oficio No. 1341 (Radicado IDU 20165260184942 de fecha 07/03/2016), la Unidad Administrativa Especial de Rehabilitación y Mantenimiento Vial remite copia al IDU de la respuesta al oficio 2-2016-8000 de fecha 29/02/2016, emitido por la Subdirección Distrital de Defensa Judicial y Prevención del Daño Antijurídico, dando a conocer su posición jurídica y presupuestal frente a la solicitud realizada por la Subdirección Distrital de Defensa Judicial y Prevención del Daño Antijurídico de evaluar desde el punto de vista jurídico y presupuestal, el presentar otra fórmula de pago, si es el caso, o en su defecto sustentar la posición que viene siendo expuesta en el marco de la controversia.",30/03/16,en_progreso,,Terminada
139,139,"La DTM reporta con memorando 20153560892563, que con oficios STMST-20153662031881 del 12/11/2015 y STMST 20153662065551 del 24/11/2015, el IDU requirió y reiteró a la UAEMRV, el envío de la certificación firmada por Contador Público y Director Financiero, donde se especifique el monto desagregado para cada uno de los meses, de los rendimientos financieros generados en virtud del Convenio 03 de 2012. A  lo anterior, la Unidad  mediante oficio SG-GF-T 7126 RAD IDU 20155261398962 del 10/11/2015 envió dicha certificación. No obstante lo anterior, teniendo en cuenta el memorando interno STTR-20155560375843 del 01/12/2015 de la Subdirección Técnica de Tesorería y Recaudo,  el IDU mediante oficio STMST-20153662143061 del 17/12/2015 solicitó a la Unidad tener en cuenta las observaciones allí realizadas  y subsanar las mismas de manera inmediata, remitiendo al IDU los soportes que evidencien la atención de tales observaciones. La Unidad mediante oficio SG-GF-T 7126 RAD IDU 20155261398962 del 10/11/2015 informa que la devolución del saldo de contrato interadministrativo 03 de 2012 se efectuó el 09/10/2015, y que tan pronto la Entidad financiera efectúe el cierre del período, se realizará el cálculo de estos rendimientos financieros de acuerdo a la tasa de interés fijada por el banco en el cual se tenían estos recursos. No obstante lo anterior, dicha información no ha sido remitida al IDU.  Por otro lado, se envió oficio STMST-20153662113911 del  09/12/2015 a la Secretaria General de la Alcaldía Mayor de Bogotá informando la situación que se presenta en el contrato interadministrativo 03 de 2012, solicitando se informen las actuaciones que debe adelantar el IDU de tal manera que permita el debido cumplimiento de las obligaciones a cargo de la UAERMV que se encuentran consignadas en la minuta del Contrato Interadministrativo 03 de 2012. Evidencias: aplicativo orfeo. Para este hallazgo,   las acciones adelantadas corresponden  igualmente a las descritas para el hallazgo  3.5.4  también relacionado con el contrato interadministrativo 03 de 2012.  Adicional a lo allí expuesto, se informa que  mediante memorando interno 20163660014793 de fecha 27/01/2016 se remitió a la Subdirección Técnica de Tesorería y Recaudo,  respuesta al memorando  STTR-20155560375843 de fecha 01/12/2015. Lo anterior, con base en la información remitida por la Unidad Administrativa Especial de Rehabilitación y Mantenimiento Vial mediante oficio SG-GF-T 417  Radicado IDU 20165260050002 de fecha 25/01/2016.  A la fecha no se ha obtenido respuesta de la STTR.  Es importante mencionar que mediante oficio No. 1341 (Radicado IDU 20165260184942 de fecha 07/03/2016), la Unidad Administrativa Especial de Rehabilitación y Mantenimiento Vial remite copia al IDU de la respuesta al oficio 2-2016-8000 de fecha 29/02/2016, emitido por la Subdirección Distrital de Defensa Judicial y Prevención del Daño Antijurídico, dando a conocer su posición jurídica y presupuestal frente a la solicitud realizada por la Subdirección Distrital de Defensa Judicial y Prevención del Daño Antijurídico de evaluar desde el punto de vista jurídico y presupuestal, el presentar otra fórmula de pago, si es el caso, o en su defecto sustentar la posición que viene siendo expuesta en el marco de la controversia.Evidencias: ver aplicativo Orfeo",30/03/16,en_progreso,,Terminada
140,140,"Con memorando 20163050008263, del 18 de enero de 2016, la SGI envía el reporte de los contratos que vienen siendo objeto de seguimiento para su liquidación en los términos establecidos.",30/03/16,en_progreso,,Terminada
141,141,"Con memorando 20155260365733 del 19 de Noviembre de 2015, la STRF informa y soporta que la póliza se firmó, corrigiendo el hallazgo.",30/03/16,en_progreso,,Terminada
142,142,"Con memorando 20155260365733 del 19 de Noviembre de 2015, la STRF informa y soporta la adopción del formato FO-RF-10 Lista de chequeo para aprobación de pólizas de seguros.",30/03/16,en_progreso,,Terminada
143,143,"Con memorando 20155560330683, la Dirección Técnica Administrativa y Financiera, reporta la expedición de la circular 14 de 2015, del 21 de Octubre de 2015, ""Lineamientos cierre fiscal vigencia 2015"".",30/03/16,en_progreso,,Terminada
144,144,"Con memorando 20153250895853, del 30 de diciembre de 2015, la DTDP reporta que se legalizó y consignó el saldo según las fechas señaladas en la circular de lineamientos para el cierre fiscal de la vigencia 2015, envía los soportes correspondientes.",30/03/16,en_progreso,,Terminada
145,145,"Con memornado 20153250362803 del 13 de Noviembre de 2015, la DTDP presenta las evidencias de la reinducción en el puesto de trabajo al encargado del manejo de la Caja Menor de la DTDP, realizado el 9 de noviembre de 2015.",30/03/16,en_progreso,,Terminada
146,146,"Con memorando 20163560046213, la DTM envía modificatorio 2 del contrato 1863, fechado 30 de junio de 2015, expresando que se modifica la lista de chequeo D aplicable al contrato 1863.",30/03/16,en_progreso,,Terminada
147,147,,30/03/16,en_progreso,,Terminada
148,148,,30/03/16,en_progreso,,Terminada
149,149,"Con memorando 20163560046213, la DTM envía actas de seguimiento y el cronograma propuesto por el contratista en 2015. Documentos que no cumplen con lo establecido en la acción propuesta.",30/03/16,en_progreso,,Terminada
150,150,"Con memorando 20163560046213, la DTM envía actas de seguimiento y el cronograma propuesto por el contratista en 2015. Documentos que no corresponden al período de la acción propuesta.",30/03/16,en_progreso,,Terminada
151,151,"Con memorando 20163560046213, la DTM envía acta 10 de liquidación de anticipo, fechada el 3 de  marzo de 2016.",30/03/16,en_progreso,,Terminada
152,152,,30/03/16,en_progreso,,Terminada
153,153,"Con memorando 20163560046213, la DTM envía acta 10 de liquidación de anticipo, fechada el 3 de  marzo de 2016.",30/03/16,en_progreso,,Terminada
154,154,,30/03/16,en_progreso,,Terminada
155,155,,30/03/16,en_progreso,,Terminada
156,156,,30/03/16,en_progreso,,Terminada
157,157,,30/03/16,en_progreso,,Terminada
158,158,,30/03/16,en_progreso,,Terminada
159,159,"Con memorando 20163560046213, la DTM envía modificatorio 2 del contrato 1863, fechado 30 de junio de 2015, expresando que se modifica la lista de chequeo D aplicable al contrato 1863.",30/03/16,en_progreso,,Terminada
160,160,,30/03/16,en_progreso,,Terminada
161,161,,30/03/16,en_progreso,,Terminada
162,162,"Con memorando 201634600046213, la DTM envía la programación del 5 de diciembre de 2015, fecha previa al compromiso",30/03/16,en_progreso,,Terminada
163,163,"Con memorando 201634600046213, la DTM envía actas 41 y 42, así como oficio a ka interventoría N°20163560190541",30/03/16,en_progreso,,Terminada
164,164,,30/03/16,en_progreso,,Terminada
165,165,,30/03/16,en_progreso,,Terminada
166,166,,30/03/16,en_progreso,,Terminada
167,167,,30/03/16,en_progreso,,Terminada
168,168,,30/03/16,en_progreso,,Terminada
169,169,,30/03/16,en_progreso,,Terminada
170,170,,30/03/16,en_progreso,,Terminada
171,171,,30/03/16,en_progreso,,Terminada
172,172,,30/03/16,en_progreso,,Terminada
173,173,,30/03/16,en_progreso,,Terminada
174,174,,30/03/16,en_progreso,,Terminada
175,175,,30/03/16,en_progreso,,Terminada
176,176,,30/03/16,en_progreso,,Terminada
177,177,,30/03/16,en_progreso,,Terminada
178,178,,30/03/16,en_progreso,,Terminada
179,179,,30/03/16,en_progreso,,Terminada
180,180,,30/03/16,en_progreso,,Terminada
181,181,,30/03/16,en_progreso,,Terminada
182,182,,30/03/16,en_progreso,,Terminada
183,183,,30/03/16,en_progreso,,Terminada
184,184,,30/03/16,en_progreso,,Terminada
185,185,,30/03/16,en_progreso,,Terminada
186,186,,30/03/16,en_progreso,,Terminada
187,187,,30/03/16,en_progreso,,Terminada
188,188,,30/03/16,en_progreso,,Terminada
189,189,,30/03/16,en_progreso,,Terminada
190,190,,30/03/16,en_progreso,,Terminada
191,191,,30/03/16,en_progreso,,Terminada
192,192,,30/03/16,en_progreso,,Terminada
193,193,,30/03/16,en_progreso,,Terminada
194,194,,30/03/16,en_progreso,,Terminada
